timestamp,Unnamed: 0,open,high,low,close,volume,symbol,momentum_60,positive_momentum,prev_positive,entry,exit
2022-05-10,60,2.544,2.556,2.556,2.538,3437210,513500,-4.872563718140944,False,False,False,False
2022-05-11,61,2.548,2.554,2.56,2.54,1829531,513500,-5.223880597014929,False,False,False,False
2022-05-12,62,2.512,2.51,2.522,2.506,1556285,513500,-7.459379615952743,False,False,False,False
2022-05-13,63,2.536,2.55,2.55,2.534,1556556,513500,-7.484483388097852,False,False,False,False
2022-05-16,64,2.594,2.562,2.598,2.554,2104944,513500,-4.451926674148909,False,False,False,False
2022-05-17,65,2.572,2.574,2.576,2.566,1734699,513500,-3.023431594860171,False,False,False,False
2022-05-18,66,2.604,2.598,2.608,2.594,733864,513500,-1.4063093880653743,False,False,False,False
2022-05-19,67,2.5,2.502,2.516,2.494,3109521,513500,-6.4165103189493315,False,False,False,False
2022-05-20,68,2.498,2.486,2.502,2.484,2550865,513500,-6.475903614457835,False,False,False,False
2022-05-23,69,2.492,2.494,2.496,2.482,1801333,513500,-5.1223241590214075,False,False,False,False
2022-05-24,70,2.49,2.474,2.492,2.47,1950109,513500,-5.036524413687038,False,False,False,False
2022-05-25,71,2.482,2.496,2.498,2.482,2957436,513500,-2.7810419114766782,False,False,False,False
2022-05-26,72,2.512,2.518,2.52,2.506,3729271,513500,-2.4902723735408583,False,False,False,False
2022-05-27,73,2.57,2.574,2.59,2.564,2031444,513500,4.227642276422761,True,False,True,False
2022-05-30,74,2.636,2.618,2.636,2.608,1728891,513500,3.0422757803239886,True,True,False,False
2022-05-31,75,2.606,2.608,2.618,2.602,1425599,513500,2.5216706067769934,True,True,False,False
2022-06-01,76,2.61,2.614,2.618,2.606,1209277,513500,0.4626060138781751,True,True,False,False
2022-06-02,77,2.59,2.584,2.594,2.58,1206947,513500,0.663285212641429,True,True,False,False
2022-06-06,78,2.578,2.592,2.592,2.572,1445314,513500,-1.0388611004232495,False,True,False,True
2022-06-07,79,2.584,2.578,2.584,2.57,1013821,513500,0.07788161993769194,True,False,True,False
2022-06-08,80,2.61,2.61,2.614,2.604,726959,513500,2.6004728132387855,True,True,False,False
2022-06-09,81,2.592,2.588,2.596,2.584,856815,513500,4.7426023510336535,True,True,False,False
2022-06-10,82,2.536,2.542,2.546,2.532,1370379,513500,2.014504431909736,True,True,False,False
2022-06-13,83,2.46,2.436,2.46,2.43,1958989,513500,-4.368358913813452,False,True,False,True
2022-06-14,84,2.4,2.41,2.412,2.392,3055580,513500,-5.229793977813002,False,False,False,False
2022-06-15,85,2.392,2.384,2.392,2.374,2917586,513500,-5.980198019801975,False,False,False,False
2022-06-16,86,2.42,2.376,2.42,2.374,2164642,513500,-5.115907274180643,False,False,False,False
2022-06-17,87,2.332,2.338,2.346,2.32,2246812,513500,-8.948194662480379,False,False,False,False
2022-06-20,88,2.334,2.334,2.336,2.324,1760526,513500,-10.580992689495972,False,False,False,False
2022-06-21,89,2.346,2.362,2.368,2.342,2478063,513500,-10.78095238095238,False,False,False,False
2022-06-22,90,2.372,2.364,2.38,2.358,1954714,513500,-11.552888222055513,False,False,False,False
2022-06-23,91,2.376,2.38,2.382,2.368,2356021,513500,-11.211098612673409,False,False,False,False
2022-06-24,92,2.396,2.418,2.422,2.396,1842788,513500,-11.58671586715867,False,False,False,False
2022-06-27,93,2.46,2.47,2.48,2.458,1954253,513500,-8.351976137211025,False,False,False,False
2022-06-28,94,2.47,2.474,2.476,2.456,1312903,513500,-9.43952802359883,False,False,False,False
2022-06-29,95,2.416,2.416,2.428,2.414,1223090,513500,-11.477814448111467,False,False,False,False
2022-06-30,96,2.414,2.39,2.416,2.386,1620303,513500,-13.862815884476532,False,False,False,False
2022-07-01,97,2.392,2.382,2.396,2.376,1386357,513500,-14.161849710982654,False,False,False,False
2022-07-04,98,2.394,2.412,2.414,2.39,2024509,513500,-12.454212454212454,False,False,False,False
2022-07-05,99,2.426,2.432,2.432,2.42,1809278,513500,-11.029411764705888,False,False,False,False
2022-07-06,100,2.432,2.42,2.436,2.41,1780001,513500,-10.408921933085491,False,False,False,False
2022-07-07,101,2.428,2.442,2.446,2.426,1981103,513500,-10.545722713864302,False,False,False,False
2022-07-08,102,2.472,2.46,2.476,2.456,2175950,513500,-8.969607116382505,False,False,False,False
2022-07-11,103,2.46,2.446,2.46,2.444,1659244,513500,-7.7039274924471375,False,False,False,False
2022-07-12,104,2.438,2.434,2.442,2.43,1607641,513500,-8.509036144578308,False,False,False,False
2022-07-13,105,2.43,2.434,2.434,2.424,2053090,513500,-9.552238805970159,False,False,False,False
2022-07-14,106,2.42,2.408,2.42,2.402,1617663,513500,-9.495101733232847,False,False,False,False
2022-07-15,107,2.42,2.418,2.43,2.416,1646054,513500,-8.484848484848495,False,False,False,False
2022-07-18,108,2.458,2.474,2.476,2.456,1916848,513500,-7.738542449286245,False,False,False,False
2022-07-19,109,2.444,2.444,2.448,2.44,1819476,513500,-9.629629629629633,False,False,False,False
2022-07-20,110,2.51,2.518,2.52,2.51,2289537,513500,-7.652685798381165,False,False,False,False
2022-07-21,111,2.522,2.524,2.53,2.516,1954638,513500,-5.838323353293418,False,False,False,False
2022-07-22,112,2.54,2.542,2.544,2.536,1500782,513500,-3.1321619556913594,False,False,False,False
2022-07-25,113,2.516,2.52,2.524,2.514,1612424,513500,-5.275056518462707,False,False,False,False
2022-07-26,114,2.518,2.518,2.524,2.514,1504244,513500,-3.15870570107859,False,False,False,False
2022-07-27,115,2.518,2.526,2.526,2.516,2044830,513500,-3.6015325670498033,False,False,False,False
2022-07-28,116,2.558,2.554,2.562,2.55,1588838,513500,-4.351087771942986,False,False,False,False
2022-07-29,117,2.6,2.608,2.612,2.598,1940370,513500,-3.0597014925373256,False,False,False,False
2022-08-01,118,2.618,2.62,2.626,2.614,3034474,513500,0.9266409266409203,True,False,True,False
2022-08-02,119,2.62,2.612,2.622,2.612,2229976,513500,1.161890007745936,True,True,False,False
2022-08-03,120,2.612,2.612,2.614,2.606,1954403,513500,2.6792750197005555,True,True,False,False
2022-08-04,121,2.642,2.638,2.648,2.638,1891833,513500,3.858267716535435,True,True,False,False
2022-08-05,122,2.644,2.648,2.65,2.64,1574873,513500,5.347166799680769,True,True,False,False
2022-08-08,123,2.64,2.656,2.656,2.634,3391028,513500,3.946329913180735,True,True,False,False
2022-08-09,124,2.64,2.642,2.646,2.638,1440125,513500,3.2889584964761243,True,True,False,False
2022-08-10,125,2.632,2.626,2.634,2.624,1637385,513500,2.2603273577552763,True,True,False,False
2022-08-11,126,2.682,2.684,2.688,2.678,1046644,513500,3.2382420971472703,True,True,False,False
2022-08-12,127,2.676,2.684,2.686,2.676,898166,513500,7.297514033680841,True,True,False,False
2022-08-15,128,2.712,2.722,2.726,2.712,1905373,513500,9.178743961352676,True,True,False,False
2022-08-16,129,2.744,2.746,2.75,2.742,1547767,513500,10.475423045930699,True,True,False,False
2022-08-17,130,2.752,2.748,2.756,2.748,1280062,513500,11.255060728744937,True,True,False,False
2022-08-18,131,2.73,2.73,2.738,2.73,1615584,513500,9.991941982272357,True,True,False,False
2022-08-19,132,2.746,2.734,2.752,2.734,1557222,513500,9.098164405426989,True,True,False,False
2022-08-22,133,2.706,2.706,2.714,2.704,1893823,513500,5.460218408736361,True,True,False,False
2022-08-23,134,2.678,2.67,2.682,2.664,1946537,513500,2.147239263803691,True,True,False,False
2022-08-24,135,2.668,2.67,2.672,2.654,1768178,513500,1.9984627209838512,True,True,False,False
2022-08-25,136,2.68,2.702,2.704,2.68,1439837,513500,2.839600920951657,True,True,False,False
2022-08-26,137,2.71,2.716,2.718,2.71,867581,513500,5.038759689922467,True,True,False,False
2022-08-29,138,2.622,2.628,2.632,2.6,3354632,513500,1.0886469673405896,True,True,False,False
2022-08-30,139,2.628,2.636,2.638,2.624,1790069,513500,2.101167315175112,True,True,False,False
2022-08-31,140,2.604,2.61,2.614,2.604,1684580,513500,0.0,False,True,False,True
2022-09-01,141,2.568,2.564,2.57,2.554,1868294,513500,-1.1609907120743168,False,False,False,False
2022-09-02,142,2.58,2.59,2.59,2.578,1294544,513500,1.8167456556082096,True,False,True,False
2022-09-05,143,2.562,2.582,2.582,2.562,1175273,513500,5.432098765432092,True,True,False,False
2022-09-06,144,2.588,2.582,2.588,2.574,1835147,513500,7.608695652173902,True,True,False,False
2022-09-07,145,2.556,2.562,2.564,2.548,4379781,513500,7.329401853411954,True,True,False,False
2022-09-08,146,2.606,2.608,2.616,2.604,2356394,513500,9.688289806234195,True,True,False,False
2022-09-09,147,2.624,2.624,2.63,2.62,1836649,513500,12.93103448275863,True,True,False,False
2022-09-13,148,2.676,2.69,2.69,2.676,1753779,513500,15.146299483648896,True,True,False,False
2022-09-14,149,2.582,2.58,2.586,2.568,4208355,513500,9.649871904355244,True,True,False,False
2022-09-15,150,2.58,2.582,2.588,2.58,1966013,513500,9.414758269720092,True,True,False,False
2022-09-16,151,2.546,2.54,2.548,2.536,3293881,513500,7.094594594594605,True,True,False,False
2022-09-19,152,2.542,2.534,2.548,2.532,2604021,513500,5.6761268781302165,True,True,False,False
2022-09-20,153,2.562,2.568,2.57,2.558,1895304,513500,4.068348250610243,True,True,False,False
2022-09-21,154,2.538,2.534,2.544,2.53,3222044,513500,3.0130293159609023,True,True,False,False
2022-09-22,155,2.48,2.49,2.496,2.476,4325231,513500,2.5683512841756295,True,True,False,False
2022-09-23,156,2.488,2.476,2.488,2.472,1358245,513500,3.604358759429993,True,True,False,False
2022-09-26,157,2.436,2.432,2.45,2.428,2563223,513500,2.188552188552184,True,True,False,False
2022-09-27,158,2.44,2.462,2.464,2.44,1873079,513500,2.092050209205021,True,True,False,False
2022-09-28,159,2.446,2.432,2.446,2.424,1609754,513500,0.16528925619834212,True,True,False,False
2022-09-29,160,2.478,2.476,2.484,2.466,1678345,513500,2.3236514522821494,True,True,False,False
2022-09-30,161,2.43,2.43,2.438,2.42,2513905,513500,-0.2473206924979432,False,True,False,True
2022-10-10,162,2.42,2.414,2.424,2.406,923625,513500,-2.035830618892498,False,False,False,False
2022-10-11,163,2.418,2.41,2.428,2.41,3630838,513500,-1.3911620294598914,False,False,False,False
2022-10-12,164,2.412,2.424,2.426,2.406,1818027,513500,-0.987654320987652,False,False,False,False
2022-10-13,165,2.404,2.404,2.408,2.4,864297,513500,-0.990099009900991,False,False,False,False
2022-10-14,166,2.456,2.48,2.484,2.456,1439707,513500,2.248126561198993,True,False,True,False
2022-10-17,167,2.424,2.432,2.434,2.42,2115781,513500,0.16556291390728006,True,True,False,False
2022-10-18,168,2.486,2.512,2.516,2.48,1830215,513500,0.9771986970684043,True,True,False,False
2022-10-19,169,2.52,2.506,2.528,2.502,1995524,513500,2.5409836065573677,True,True,False,False
2022-10-20,170,2.474,2.484,2.488,2.468,1787892,513500,-1.6733067729083562,False,True,False,True
2022-10-21,171,2.464,2.464,2.47,2.458,1321896,513500,-2.30524642289347,False,False,False,False
2022-10-24,172,2.528,2.528,2.542,2.524,2352988,513500,-0.4731861198738141,False,False,False,False
2022-10-25,173,2.566,2.576,2.578,2.564,2125839,513500,1.9888623707239539,True,False,True,False
2022-10-26,174,2.584,2.572,2.592,2.566,2638096,513500,2.0684168655529023,True,True,False,False
2022-10-27,175,2.582,2.596,2.598,2.58,2995979,513500,2.5437201907790197,True,True,False,False
2022-10-28,176,2.572,2.55,2.574,2.55,919172,513500,0.0,False,True,False,True
2022-10-31,177,2.63,2.64,2.642,2.63,1743648,513500,1.231716705157826,True,False,True,False
2022-11-01,178,2.642,2.65,2.652,2.634,2165247,513500,0.7651109410864665,True,True,False,False
2022-11-02,179,2.63,2.626,2.634,2.622,1545758,513500,0.3828483920367498,True,True,False,False
2022-11-03,180,2.57,2.576,2.582,2.566,2687614,513500,-1.534919416730618,False,True,False,True
2022-11-04,181,2.55,2.55,2.556,2.536,5587019,513500,-3.8665655799848375,False,False,False,False
2022-11-07,182,2.554,2.568,2.568,2.55,3063410,513500,-3.409090909090917,False,False,False,False
2022-11-08,183,2.594,2.594,2.596,2.588,2279691,513500,-1.746393318147299,False,False,False,False
2022-11-09,184,2.602,2.604,2.624,2.6,2653358,513500,-1.4404852160727732,False,False,False,False
2022-11-10,185,2.564,2.566,2.568,2.558,1786420,513500,-2.515243902439035,False,False,False,False
2022-11-11,186,2.698,2.678,2.698,2.656,3653796,513500,-0.821508588498876,False,False,False,False
2022-11-14,187,2.676,2.648,2.68,2.644,2385792,513500,-1.195814648729443,False,False,False,False
2022-11-15,188,2.642,2.652,2.654,2.642,2375796,513500,-2.5811209439528082,False,False,False,False
2022-11-16,189,2.642,2.672,2.678,2.64,3282414,513500,-3.7199124726477018,False,False,False,False
2022-11-17,190,2.654,2.67,2.672,2.652,1980835,513500,-3.493449781659397,False,False,False,False
2022-11-18,191,2.66,2.652,2.666,2.65,1314593,513500,-2.930402930402931,False,False,False,False
2022-11-21,192,2.656,2.672,2.68,2.654,3255345,513500,-2.9261155815654694,False,False,False,False
2022-11-22,193,2.67,2.666,2.682,2.664,1668971,513500,-1.4792899408283988,False,False,False,False
2022-11-23,194,2.692,2.702,2.702,2.692,733470,513500,1.0510510510510551,True,False,True,False
2022-11-24,195,2.724,2.722,2.728,2.72,946178,513500,2.4868123587038493,True,True,False,False
2022-11-25,196,2.732,2.734,2.734,2.726,922633,513500,1.716417910447765,True,True,False,False
2022-11-28,197,2.73,2.722,2.734,2.716,1581041,513500,0.22140221402215943,True,True,False,False
2022-11-29,198,2.698,2.692,2.702,2.684,2072365,513500,3.230769230769237,True,True,False,False
2022-11-30,199,2.672,2.674,2.678,2.67,1741530,513500,1.753048780487787,True,True,False,False
2022-12-01,200,2.726,2.726,2.742,2.716,2540019,513500,4.3010752688172005,True,True,False,False
2022-12-02,201,2.708,2.716,2.716,2.708,958300,513500,6.029757243539557,True,True,False,False
2022-12-05,202,2.69,2.674,2.696,2.668,1998270,513500,3.4910783553142144,True,True,False,False
2022-12-06,203,2.64,2.632,2.642,2.63,2509067,513500,2.654176424668231,True,True,False,False
2022-12-07,204,2.598,2.596,2.604,2.594,2886954,513500,0.7770007770007803,True,True,False,False
2022-12-08,205,2.58,2.59,2.59,2.578,1751827,513500,1.1773940345368938,True,True,False,False
2022-12-09,206,2.6,2.61,2.61,2.598,1380900,513500,-0.23041474654378336,False,True,False,True
2022-12-12,207,2.584,2.588,2.59,2.584,1087828,513500,-1.3740458015267132,False,False,False,False
2022-12-13,208,2.624,2.628,2.63,2.622,1366820,513500,-2.0179372197309475,False,False,False,False
2022-12-14,209,2.644,2.65,2.65,2.642,1064716,513500,2.8816199376946905,True,False,True,False
2022-12-15,210,2.628,2.626,2.63,2.62,981047,513500,1.5503875968992276,True,True,False,False
2022-12-16,211,2.564,2.568,2.57,2.562,1928690,513500,1.0252365930599305,True,True,False,False
2022-12-19,212,2.542,2.54,2.546,2.54,1404986,513500,0.3159557661927437,True,True,False,False
2022-12-20,213,2.52,2.502,2.526,2.492,3250357,513500,-2.5801407349491767,False,True,False,True
2022-12-21,214,2.524,2.532,2.534,2.524,1783452,513500,-0.237154150197616,False,False,False,False
2022-12-22,215,2.564,2.562,2.568,2.562,1125892,513500,3.4733441033925727,True,False,True,False
2022-12-23,216,2.522,2.532,2.532,2.522,1950698,513500,2.0226537216828433,True,True,False,False
2022-12-26,217,2.54,2.54,2.544,2.538,704950,513500,4.530477759472817,True,True,False,False
2022-12-27,218,2.552,2.548,2.554,2.544,801650,513500,4.262295081967227,True,True,False,False
2022-12-28,219,2.52,2.52,2.524,2.516,1935517,513500,3.7953795379537913,True,True,False,False
2022-12-29,220,2.49,2.488,2.496,2.484,2058254,513500,0.7299270072992581,True,True,False,False
2022-12-30,221,2.522,2.51,2.526,2.51,1614353,513500,3.7190082644628086,True,True,False,False
2023-01-03,222,2.5,2.5,2.504,2.492,3182964,513500,3.5743973399833706,True,True,False,False
2023-01-04,223,2.494,2.49,2.498,2.486,2553710,513500,3.153526970954368,True,True,False,False
2023-01-05,224,2.5,2.492,2.502,2.49,3550161,513500,3.4912718204488824,True,True,False,False
2023-01-06,225,2.474,2.476,2.482,2.47,2835184,513500,2.9166666666666785,True,True,False,False
2023-01-09,226,2.508,2.508,2.51,2.502,1975588,513500,1.8729641693810972,True,True,False,False
2023-01-10,227,2.496,2.496,2.498,2.484,2871258,513500,2.6446280991735627,True,True,False,False
2023-01-11,228,2.51,2.512,2.516,2.508,2254070,513500,1.1290322580645107,True,True,False,False
2023-01-12,229,2.528,2.528,2.532,2.524,2048980,513500,0.8792965627498095,True,True,False,False
2023-01-13,230,2.526,2.522,2.526,2.518,1108488,513500,2.0259319286871857,True,True,False,False
2023-01-16,231,2.526,2.524,2.528,2.52,1859250,513500,2.5223759153783387,True,True,False,False
2023-01-17,232,2.528,2.534,2.536,2.526,1193614,513500,0.07923930269413404,True,True,False,False
2023-01-18,233,2.532,2.546,2.55,2.53,1366548,513500,-1.3260530421216998,False,True,False,True
2023-01-19,234,2.5,2.496,2.504,2.496,2060328,513500,-2.727981293842552,False,False,False,False
2023-01-20,235,2.486,2.5,2.502,2.484,1691937,513500,-3.7209302325581395,False,False,False,False
2023-01-30,236,2.568,2.568,2.574,2.566,2964520,513500,0.6274509803921635,True,False,True,False
2023-01-31,237,2.552,2.546,2.556,2.544,1279524,513500,-3.2699619771863087,False,True,False,True
2023-02-01,238,2.574,2.58,2.58,2.572,1557982,513500,-2.3538344722854876,False,False,False,False
2023-02-02,239,2.602,2.606,2.608,2.6,1328144,513500,-0.8390541571319576,False,False,False,False
2023-02-03,240,2.63,2.628,2.632,2.626,1382468,513500,2.338269680436489,True,False,True,False
2023-02-06,241,2.63,2.618,2.636,2.618,1244153,513500,3.2334384858044185,True,True,False,False
2023-02-07,242,2.624,2.622,2.626,2.62,708030,513500,2.7450980392156987,True,True,False,False
2023-02-08,243,2.642,2.65,2.652,2.642,1501436,513500,2.086553323029361,True,True,False,False
2023-02-09,244,2.63,2.64,2.642,2.63,2589860,513500,1.1538461538461497,True,True,False,False
2023-02-10,245,2.604,2.604,2.61,2.604,1090537,513500,1.798279906176714,True,True,False,False
2023-02-13,246,2.608,2.618,2.618,2.608,797244,513500,-1.8072289156626509,False,True,False,True
2023-02-14,247,2.644,2.652,2.652,2.644,1167357,513500,0.0,False,False,False,False
2023-02-15,248,2.65,2.646,2.652,2.644,736631,513500,0.07570022710068347,True,False,True,False
2023-02-16,249,2.672,2.676,2.678,2.67,940281,513500,1.1363636363636243,True,True,False,False
2023-02-17,250,2.646,2.632,2.648,2.63,731021,513500,-0.8295625942684848,False,True,False,True
2023-02-20,251,2.634,2.634,2.638,2.63,914389,513500,-0.7547169811320753,False,False,False,False
2023-02-21,252,2.624,2.626,2.628,2.622,659342,513500,-1.2057272042200418,False,False,False,False
2023-02-22,253,2.586,2.596,2.6,2.586,948190,513500,-2.9279279279279424,False,False,False,False
2023-02-23,254,2.602,2.6,2.602,2.596,677455,513500,-3.5661218424962837,False,False,False,False
2023-02-24,255,2.606,2.614,2.616,2.604,673538,513500,-4.264705882352948,False,False,False,False
2023-02-27,256,2.604,2.602,2.608,2.6,736889,513500,-4.622157006603079,False,False,False,False
2023-02-28,257,2.614,2.602,2.614,2.598,613022,513500,-4.344624447717238,False,False,False,False
2023-03-01,258,2.586,2.582,2.588,2.58,1822190,513500,-3.874813710879288,False,False,False,False
2023-03-02,259,2.564,2.556,2.564,2.548,1685387,513500,-4.569288389513105,False,False,False,False
2023-03-03,260,2.576,2.584,2.584,2.574,1093549,513500,-5.228276877761429,False,False,False,False
2023-03-06,261,2.624,2.632,2.636,2.622,1317973,513500,-3.1757754800590954,False,False,False,False
2023-03-07,262,2.642,2.64,2.648,2.64,1105346,513500,-1.0494752623688153,False,False,False,False
2023-03-08,263,2.612,2.608,2.616,2.606,881025,513500,-0.9125475285171158,False,False,False,False
2023-03-09,264,2.61,2.614,2.616,2.606,744654,513500,0.4626060138781751,True,False,True,False
2023-03-10,265,2.558,2.55,2.56,2.546,1754948,513500,-1.241272304111718,False,True,False,True
2023-03-13,266,2.54,2.554,2.556,2.536,2489614,513500,-2.38645111624326,False,False,False,False
2023-03-14,267,2.502,2.502,2.522,2.492,2231361,513500,-3.5603715170278716,False,False,False,False
2023-03-15,268,2.54,2.544,2.544,2.536,1535255,513500,-3.2799389778794708,False,False,False,False
2023-03-16,269,2.53,2.528,2.542,2.528,1174695,513500,-4.314912944738825,False,False,False,False
2023-03-17,270,2.566,2.562,2.566,2.556,1163353,513500,-2.442748091603053,False,False,False,False
2023-03-20,271,2.55,2.518,2.552,2.512,1780639,513500,-1.951600312256041,False,False,False,False
2023-03-21,272,2.556,2.562,2.564,2.556,1025774,513500,0.6299212598425141,True,False,True,False
2023-03-22,273,2.586,2.59,2.594,2.586,1166899,513500,3.772070626003199,True,True,False,False
2023-03-23,274,2.548,2.548,2.554,2.544,1871087,513500,0.7923930269413626,True,True,False,False
2023-03-24,275,2.546,2.552,2.554,2.538,1251170,513500,-0.936768149882905,False,True,False,True
2023-03-27,276,2.574,2.584,2.586,2.574,1282239,513500,2.0618556701030855,True,False,True,False
2023-03-28,277,2.574,2.582,2.584,2.572,821433,513500,1.3396375098502888,True,True,False,False
2023-03-29,278,2.58,2.592,2.594,2.576,787513,513500,1.2578616352201255,True,True,False,False
2023-03-30,279,2.612,2.61,2.616,2.608,959719,513500,3.6565977742448297,True,True,False,False
2023-03-31,280,2.622,2.616,2.622,2.614,1014246,513500,5.233494363929148,True,True,False,False
2023-04-03,281,2.65,2.652,2.654,2.648,915338,513500,5.498007968127494,True,True,False,False
2023-04-04,282,2.662,2.668,2.668,2.662,827667,513500,6.82182985553772,True,True,False,False
2023-04-06,283,2.644,2.642,2.644,2.638,838756,513500,6.114239742558314,True,True,False,False
2023-04-07,284,2.652,2.652,2.654,2.648,948519,513500,6.345381526104421,True,True,False,False
2023-04-10,285,2.652,2.65,2.658,2.648,438843,513500,7.206477732793526,True,True,False,False
2023-04-11,286,2.662,2.664,2.664,2.66,538491,513500,6.314948041566759,True,True,False,False
2023-04-12,287,2.664,2.66,2.664,2.658,907352,513500,7.004830917874383,True,True,False,False
2023-04-13,288,2.646,2.65,2.652,2.642,868566,513500,5.34290271132376,True,True,False,False
2023-04-14,289,2.676,2.664,2.678,2.662,759902,513500,5.467511885895404,True,True,False,False
2023-04-17,290,2.678,2.678,2.682,2.674,531228,513500,6.195393169181895,True,True,False,False
2023-04-18,291,2.68,2.682,2.686,2.68,632172,513500,6.349206349206349,True,True,False,False
2023-04-19,292,2.684,2.682,2.684,2.68,540698,513500,6.096595407759309,True,True,False,False
2023-04-20,293,2.682,2.68,2.688,2.678,865885,513500,5.849802371541513,True,True,False,False
2023-04-21,294,2.672,2.672,2.674,2.668,594060,513500,6.891025641025639,True,True,False,False
2023-04-24,295,2.672,2.668,2.678,2.666,829944,513500,7.326892109500793,True,True,False,False
2023-04-25,296,2.678,2.678,2.68,2.676,583124,513500,4.2868277474668925,True,True,False,False
2023-04-26,297,2.666,2.66,2.67,2.66,1161876,513500,4.559748427672949,True,True,False,False
2023-04-27,298,2.648,2.646,2.65,2.646,791090,513500,2.8771384136858424,True,True,False,False
2023-04-28,299,2.686,2.686,2.69,2.682,1236774,513500,3.1538461538461515,True,True,False,False
2023-05-04,300,2.654,2.662,2.662,2.65,1196714,513500,0.9139375476009182,True,True,False,False
2023-05-05,301,2.652,2.652,2.654,2.646,667732,513500,1.0695187165775444,True,True,False,False
2023-05-08,302,2.684,2.688,2.69,2.684,847383,513500,2.442748091603053,True,True,False,False
2023-05-09,303,2.688,2.69,2.692,2.688,721542,513500,1.7411052233156754,True,True,False,False
2023-05-10,304,2.686,2.69,2.69,2.682,695832,513500,1.9771863117870714,True,True,False,False
2023-05-11,305,2.702,2.704,2.708,2.702,1093224,513500,3.7634408602150504,True,True,False,False
2023-05-12,306,2.708,2.706,2.71,2.704,654960,513500,3.6809815950920255,True,True,False,False
2023-05-15,307,2.698,2.706,2.708,2.696,753742,513500,1.9667170953101332,True,True,False,False
2023-05-16,308,2.704,2.704,2.708,2.702,581438,513500,2.1936459909228434,True,True,False,False
2023-05-17,309,2.706,2.71,2.714,2.706,751271,513500,1.3483146067415852,True,True,False,False
2023-05-18,310,2.738,2.746,2.746,2.736,918986,513500,4.030418250950585,True,True,False,False
2023-05-19,311,2.786,2.788,2.798,2.786,3499717,513500,5.931558935361214,True,True,False,False
2023-05-22,312,2.77,2.776,2.78,2.77,1259979,513500,5.644546147978646,True,True,False,False
2023-05-23,313,2.79,2.788,2.798,2.786,1108185,513500,7.733952049497295,True,True,False,False
2023-05-24,314,2.762,2.762,2.768,2.754,1451237,513500,6.086286594761159,True,True,False,False
2023-05-25,315,2.754,2.76,2.76,2.75,1723102,513500,5.606758832565273,True,True,False,False
2023-05-26,316,2.76,2.758,2.762,2.754,888793,513500,5.92307692307692,True,True,False,False
2023-05-29,317,2.806,2.814,2.814,2.804,1224982,513500,7.929176289453421,True,True,False,False
2023-05-30,318,2.808,2.826,2.828,2.806,1047513,513500,8.759689922480618,True,True,False,False
2023-05-31,319,2.812,2.804,2.82,2.8,1270819,513500,9.890109890109876,True,True,False,False
2023-06-01,320,2.8,2.808,2.81,2.794,869517,513500,8.547008547008561,True,True,False,False
2023-06-02,321,2.828,2.824,2.83,2.816,1172405,513500,7.3989321128909324,True,True,False,False
2023-06-05,322,2.864,2.876,2.878,2.862,1435973,513500,8.4090909090909,True,True,False,False
2023-06-06,323,2.868,2.866,2.872,2.864,957900,513500,9.90023023791251,True,True,False,False
2023-06-07,324,2.872,2.88,2.884,2.87,1086606,513500,10.13046815042211,True,True,False,False
2023-06-08,325,2.872,2.866,2.878,2.864,1280196,513500,12.49018067556953,True,True,False,False
2023-06-09,326,2.88,2.882,2.89,2.876,1766414,513500,13.406940063091465,True,True,False,False
2023-06-12,327,2.896,2.906,2.906,2.896,977433,513500,16.21187800963082,True,True,False,False
2023-06-13,328,2.93,2.942,2.944,2.928,1983998,513500,15.45741324921135,True,True,False,False
2023-06-14,329,2.956,2.952,2.956,2.948,1242121,513500,16.61392405063291,True,True,False,False
2023-06-15,330,2.956,2.944,2.958,2.938,2172845,513500,14.945226917057909,True,True,False,False
2023-06-16,331,2.964,2.968,2.974,2.962,1656276,513500,17.914012738853515,True,True,False,False
2023-06-19,332,2.966,2.968,2.968,2.964,761145,513500,15.962441314553978,True,True,False,False
2023-06-20,333,2.968,2.974,2.98,2.968,787514,513500,14.771848414539846,True,True,False,False
2023-06-21,334,2.974,2.974,2.98,2.972,1205427,513500,16.823899371069185,True,True,False,False
2023-06-26,335,2.956,2.964,2.966,2.956,1139579,513500,16.469661150512227,True,True,False,False
2023-06-27,336,2.956,2.948,2.956,2.944,1126174,513500,14.37451437451438,True,True,False,False
2023-06-28,337,2.97,2.978,2.98,2.97,1100214,513500,15.474339035769823,True,True,False,False
2023-06-29,338,2.988,2.992,2.996,2.988,1089485,513500,15.993788819875764,True,True,False,False
2023-06-30,339,3.012,3.006,3.014,3.004,1328655,513500,15.18404907975459,True,True,False,False
2023-07-03,340,3.042,3.044,3.046,3.036,1627550,513500,16.143840856924264,True,True,False,False
2023-07-04,341,3.04,3.032,3.042,3.032,1039513,513500,14.501510574018116,True,True,False,False
2023-07-05,342,3.034,3.03,3.034,3.028,782437,513500,13.749060856498874,True,True,False,False
2023-07-06,343,3.034,3.024,3.036,3.022,1012752,513500,14.556482183472319,True,True,False,False
2023-07-07,344,3.006,3.004,3.014,3.002,1689896,513500,13.368580060422941,True,True,False,False
2023-07-10,345,2.988,2.984,2.992,2.984,826143,513500,12.688821752265845,True,True,False,False
2023-07-11,346,3.0,2.998,3.004,2.99,839456,513500,12.406015037593976,True,True,False,False
2023-07-12,347,3.01,3.012,3.012,3.004,777240,513500,13.017306245297222,True,True,False,False
2023-07-13,348,3.026,3.032,3.034,3.024,1198616,513500,14.458743376230142,True,True,False,False
2023-07-14,349,3.038,3.026,3.038,3.024,1136577,513500,13.59879789631857,True,True,False,False
2023-07-17,350,3.03,3.042,3.042,3.028,1015649,513500,13.238593866866122,True,True,False,False
2023-07-18,351,3.05,3.056,3.058,3.048,868373,513500,13.731343283582076,True,True,False,False
2023-07-19,352,3.086,3.104,3.106,3.086,1695441,513500,15.149253731343283,True,True,False,False
2023-07-20,353,3.098,3.082,3.098,3.08,1605045,513500,15.01120238984317,True,True,False,False
2023-07-21,354,3.062,3.072,3.074,3.06,1284214,513500,14.692653673163413,True,True,False,False
2023-07-24,355,3.07,3.082,3.084,3.068,1330105,513500,15.078769692423123,True,True,False,False
2023-07-25,356,3.08,3.076,3.08,3.07,1532622,513500,14.72346786248131,True,True,False,False
2023-07-26,357,3.082,3.082,3.084,3.078,805480,513500,15.714285714285703,True,True,False,False
2023-07-27,358,3.084,3.09,3.092,3.074,1521880,513500,16.17535903250189,True,True,False,False
2023-07-28,359,3.07,3.068,3.074,3.062,1831845,513500,14.168530947054435,True,True,False,False
2023-07-31,360,3.084,3.078,3.086,3.074,1466143,513500,15.999999999999993,True,True,False,False
2023-08-01,361,3.092,3.098,3.1,3.09,1157801,513500,16.780045351473927,True,True,False,False
2023-08-02,362,3.084,3.074,3.086,3.072,1725216,513500,14.456035767511178,True,True,False,False
2023-08-03,363,3.05,3.046,3.058,3.046,1695616,513500,13.318452380952372,True,True,False,False
2023-08-04,364,3.04,3.052,3.058,3.038,1343717,513500,13.273676360924668,True,True,False,False
2023-08-07,365,3.034,3.036,3.042,3.034,1327262,513500,12.287194670614365,True,True,False,False
2023-08-08,366,3.056,3.058,3.06,3.052,806956,513500,12.869822485207095,True,True,False,False
2023-08-09,367,3.056,3.058,3.058,3.05,779762,513500,13.130563798219574,True,True,False,False
2023-08-10,368,3.04,3.042,3.042,3.034,679413,513500,12.287194670614365,True,True,False,False
2023-08-11,369,3.042,3.044,3.046,3.038,566344,513500,12.269031781226891,True,True,False,False
2023-08-14,370,3.046,3.05,3.05,3.04,1079149,513500,11.111111111111093,True,True,False,False
2023-08-15,371,3.076,3.082,3.086,3.076,1362642,513500,10.409188801148606,True,True,False,False
2023-08-16,372,3.056,3.048,3.056,3.044,1042731,513500,9.891696750902534,True,True,False,False
2023-08-17,373,3.026,3.03,3.034,3.024,1335221,513500,8.5427135678392,True,True,False,False
2023-08-18,374,2.99,2.994,2.998,2.988,1720350,513500,8.496732026143782,True,True,False,False
2023-08-21,375,2.994,3.006,3.006,2.992,2291253,513500,8.800000000000008,True,True,False,False
2023-08-22,376,3.006,3.018,3.02,3.002,2101004,513500,9.005083514887424,True,True,False,False
2023-08-23,377,3.014,3.02,3.02,3.012,999433,513500,7.417974322396592,True,True,False,False
2023-08-24,378,3.056,3.064,3.072,3.054,3891149,513500,8.83820384889522,True,True,False,False
2023-08-25,379,3.006,3.002,3.008,2.998,1152175,513500,7.071428571428595,True,True,False,False
2023-08-28,380,3.016,3.03,3.032,3.014,827524,513500,7.874015748031482,True,True,False,False
2023-08-29,381,3.046,3.048,3.052,3.042,1029964,513500,8.025568181818187,True,True,False,False
2023-08-30,382,3.088,3.09,3.094,3.088,1083161,513500,7.896575821104124,True,True,False,False
2023-08-31,383,3.098,3.106,3.112,3.098,1472921,513500,8.17039106145252,True,True,False,False
2023-09-01,384,3.084,3.088,3.094,3.082,772000,513500,7.38675958188153,True,True,False,False
2023-09-04,385,3.092,3.094,3.098,3.09,802455,513500,7.89106145251397,True,True,False,False
2023-09-05,386,3.092,3.096,3.1,3.092,615692,513500,7.510431154381081,True,True,False,False
2023-09-06,387,3.096,3.096,3.1,3.092,681220,513500,6.767955801104986,True,True,False,False
2023-09-07,388,3.076,3.07,3.078,3.07,714217,513500,4.849726775956276,True,True,False,False
2023-09-08,389,3.076,3.088,3.09,3.074,816142,513500,4.274084124830391,True,True,False,False
2023-09-11,390,3.086,3.072,3.088,3.062,1248707,513500,4.2205582028590705,True,True,False,False
2023-09-12,391,3.078,3.082,3.084,3.076,596768,513500,3.8487508440242957,True,True,False,False
2023-09-13,392,3.064,3.06,3.066,3.056,1126912,513500,3.1039136302294157,True,True,False,False
2023-09-14,393,3.066,3.074,3.076,3.064,891516,513500,3.234501347708907,True,True,False,False
2023-09-15,394,3.098,3.096,3.1,3.084,1146131,513500,3.7685060565275874,True,True,False,False
2023-09-18,395,3.056,3.062,3.066,3.056,754705,513500,3.382949932341006,True,True,False,False
2023-09-19,396,3.062,3.06,3.066,3.058,641513,513500,3.872282608695654,True,True,False,False
2023-09-20,397,3.056,3.056,3.06,3.052,687076,513500,2.760942760942764,True,True,False,False
2023-09-21,398,3.024,3.024,3.024,3.014,1292650,513500,0.870147255689413,True,True,False,False
2023-09-22,399,2.978,2.986,2.986,2.976,1386959,513500,-0.9320905459387463,False,True,False,True
2023-09-25,400,2.976,2.98,2.982,2.97,1158746,513500,-2.1739130434782594,False,False,False,False
2023-09-26,401,2.978,2.966,2.98,2.966,1050651,513500,-2.176781002638517,False,False,False,False
2023-09-27,402,2.946,2.95,2.952,2.94,2182767,513500,-2.9062087186261576,False,False,False,False
2023-09-28,403,2.954,2.942,2.954,2.94,1316512,513500,-2.7134348113831863,False,False,False,False
2023-10-09,404,2.944,2.94,2.946,2.932,1404122,513500,-2.331778814123908,False,False,False,False
2023-10-10,405,2.978,2.98,2.98,2.974,867845,513500,-0.33512064343163006,False,False,False,False
2023-10-11,406,2.992,2.998,3.0,2.99,722789,513500,0.0,False,False,False,False
2023-10-12,407,3.014,3.02,3.02,3.014,808137,513500,0.332889480692411,True,False,True,False
2023-10-13,408,3.0,2.994,3.0,2.992,857126,513500,-1.0582010582010581,False,True,False,True
2023-10-16,409,2.984,2.992,2.992,2.984,979112,513500,-1.3227513227513255,False,False,False,False
2023-10-17,410,3.012,3.014,3.014,3.008,751921,513500,-0.6605019815059454,False,False,False,False
2023-10-18,411,3.008,3.01,3.016,3.004,1129600,513500,-1.4435695538057791,False,False,False,False
2023-10-19,412,2.986,2.97,2.988,2.964,1162066,513500,-3.9533376539209297,False,False,False,False
2023-10-20,413,2.942,2.934,2.944,2.93,2137497,513500,-4.870129870129869,False,False,False,False
2023-10-23,414,2.91,2.914,2.914,2.906,1795474,513500,-5.032679738562084,False,False,False,False
2023-10-24,415,2.906,2.91,2.912,2.896,1462603,513500,-5.6062581486310386,False,False,False,False
2023-10-25,416,2.916,2.912,2.92,2.91,605334,513500,-5.2117263843648125,False,False,False,False
2023-10-26,417,2.866,2.866,2.87,2.86,1447441,513500,-7.082521117608831,False,False,False,False
2023-10-27,418,2.86,2.866,2.866,2.858,1032017,513500,-7.026675341574484,False,False,False,False
2023-10-30,419,2.852,2.854,2.854,2.844,994988,513500,-7.119529719137818,False,False,False,False
2023-10-31,420,2.864,2.862,2.866,2.856,967181,513500,-7.091737150292776,False,False,False,False
2023-11-01,421,2.88,2.892,2.894,2.878,1081064,513500,-6.860841423948216,False,False,False,False
2023-11-02,422,2.924,2.926,2.932,2.922,1046117,513500,-4.8828125,False,False,False,False
2023-11-03,423,2.97,2.972,2.974,2.968,810324,513500,-2.560735390676294,False,False,False,False
2023-11-06,424,2.988,2.988,2.992,2.986,783588,513500,-1.711652402896624,False,False,False,False
2023-11-07,425,2.984,2.984,2.988,2.98,838509,513500,-1.7798286090969007,False,False,False,False
2023-11-08,426,2.994,2.994,2.998,2.99,635199,513500,-2.0314547837483543,False,False,False,False
2023-11-09,427,2.996,3.01,3.01,2.994,741040,513500,-1.8360655737704845,False,False,False,False
2023-11-10,428,2.99,2.986,2.99,2.98,567001,513500,-1.7798286090969007,False,False,False,False
2023-11-13,429,3.024,3.026,3.028,3.02,959236,513500,-0.5924950625411429,False,False,False,False
2023-11-14,430,3.024,3.036,3.036,3.022,976650,513500,-0.5921052631579049,False,False,False,False
2023-11-15,431,3.086,3.078,3.088,3.074,926938,513500,-0.06501950585175997,False,False,False,False
2023-11-16,432,3.076,3.082,3.084,3.07,1063853,513500,0.854139290407363,True,False,True,False
2023-11-17,433,3.084,3.08,3.088,3.076,2421909,513500,1.7195767195767209,True,True,False,False
2023-11-20,434,3.064,3.048,3.068,3.046,1830395,513500,1.9410977242302563,True,True,False,False
2023-11-21,435,3.06,3.06,3.066,3.058,524085,513500,2.2058823529411686,True,True,False,False
2023-11-22,436,3.056,3.056,3.056,3.05,1348124,513500,1.59893404397069,True,True,False,False
2023-11-23,437,3.068,3.066,3.074,3.062,892123,513500,1.6600265604249653,True,True,False,False
2023-11-24,438,3.068,3.07,3.072,3.066,439638,513500,0.39292730844793233,True,True,False,False
2023-11-27,439,3.068,3.068,3.068,3.06,644983,513500,2.068045363575721,True,True,False,False
2023-11-28,440,3.066,3.07,3.07,3.066,471473,513500,1.725282017252816,True,True,False,False
2023-11-29,441,3.064,3.064,3.066,3.06,525499,513500,0.591715976331364,True,True,False,False
2023-11-30,442,3.064,3.062,3.07,3.058,699741,513500,-0.9715025906735786,False,True,False,True
2023-12-01,443,3.07,3.078,3.08,3.07,802561,513500,-0.9038089089735357,False,False,False,False
2023-12-04,444,3.088,3.094,3.096,3.086,940068,513500,0.12978585334197934,True,False,True,False
2023-12-05,445,3.078,3.068,3.078,3.068,473204,513500,-0.711974110032354,False,True,False,True
2023-12-06,446,3.09,3.092,3.092,3.088,609862,513500,-0.1293661060802087,False,False,False,False
2023-12-07,447,3.072,3.066,3.078,3.066,674724,513500,-0.8408796895213566,False,False,False,False
2023-12-08,448,3.088,3.09,3.094,3.086,846715,513500,0.5211726384364734,True,False,True,False
2023-12-11,449,3.114,3.118,3.124,3.112,868830,513500,1.23617436564738,True,True,False,False
2023-12-12,450,3.132,3.134,3.14,3.13,1286467,513500,2.2207707380796915,True,True,False,False
2023-12-13,451,3.15,3.152,3.158,3.148,1033878,513500,2.3407022106632036,True,True,False,False
2023-12-14,452,3.188,3.186,3.192,3.182,1773817,513500,4.123036649214651,True,True,False,False
2023-12-15,453,3.174,3.172,3.178,3.168,1354442,513500,3.394255874673635,True,True,False,False
2023-12-18,454,3.18,3.186,3.186,3.178,728628,513500,3.0479896238650994,True,True,False,False
2023-12-19,455,3.196,3.202,3.202,3.194,679754,513500,4.515706806282727,True,True,False,False
2023-12-20,456,3.21,3.218,3.22,3.21,1119707,513500,4.970568999345981,True,True,False,False
2023-12-21,457,3.174,3.176,3.178,3.166,2964855,513500,3.735255570117957,True,True,False,False
2023-12-22,458,3.196,3.194,3.198,3.188,985222,513500,5.773059057730601,True,True,False,False
2023-12-25,459,3.2,3.2,3.204,3.196,387992,513500,7.392473118279574,True,True,False,False
2023-12-26,460,3.202,3.21,3.212,3.2,1171438,513500,7.744107744107742,True,True,False,False
2023-12-27,461,3.216,3.216,3.218,3.21,1087976,513500,8.226567768037762,True,True,False,False
2023-12-28,462,3.22,3.21,3.22,3.206,1131789,513500,9.047619047619037,True,True,False,False
2023-12-29,463,3.204,3.206,3.21,3.196,1387400,513500,8.70748299319728,True,True,False,False
2024-01-02,464,3.2,3.214,3.214,3.2,635475,513500,9.140518417462484,True,True,False,False
2024-01-03,465,3.194,3.19,3.2,3.19,1084673,513500,7.2629455279085375,True,True,False,False
2024-01-04,466,3.176,3.178,3.18,3.172,683809,513500,6.0869565217391175,True,True,False,False
2024-01-05,467,3.172,3.164,3.176,3.164,866172,513500,4.976775049767768,True,True,False,False
2024-01-08,468,3.172,3.168,3.174,3.166,931610,513500,5.81550802139037,True,True,False,False
2024-01-09,469,3.21,3.222,3.222,3.21,1970037,513500,7.573726541554948,True,True,False,False
2024-01-10,470,3.222,3.22,3.226,3.218,1277460,513500,6.981382978723394,True,True,False,False
2024-01-11,471,3.24,3.246,3.246,3.238,1368574,513500,7.7896138482024035,True,True,False,False
2024-01-12,472,3.23,3.232,3.232,3.224,923408,513500,8.771929824561408,True,True,False,False
2024-01-15,473,3.238,3.248,3.25,3.236,1240203,513500,10.443686006825947,True,True,False,False
2024-01-16,474,3.238,3.232,3.24,3.232,853985,513500,11.218169304886437,True,True,False,False
2024-01-17,475,3.238,3.218,3.24,3.216,2173808,513500,11.049723756906094,True,True,False,False
2024-01-18,476,3.218,3.22,3.222,3.21,1319013,513500,10.309278350515449,True,True,False,False
2024-01-19,477,3.246,3.252,3.256,3.244,2108838,513500,13.42657342657343,True,True,False,False
2024-01-22,478,3.302,3.304,3.31,3.296,3260748,513500,15.325402379286214,True,True,False,False
2024-01-23,479,3.302,3.312,3.33,3.29,3124121,513500,15.682137834036581,True,True,False,False
2024-01-24,480,3.32,3.348,3.376,3.316,2486817,513500,16.106442577030823,True,True,False,False
2024-01-25,481,3.344,3.332,3.344,3.31,1586860,513500,15.010423905489922,True,True,False,False
2024-01-26,482,3.33,3.308,3.342,3.306,2177410,513500,13.141683778234082,True,True,False,False
2024-01-29,483,3.308,3.322,3.324,3.308,968075,513500,11.455525606469008,True,True,False,False
2024-01-30,484,3.348,3.362,3.362,3.346,1393901,513500,12.056262558606834,True,True,False,False
2024-01-31,485,3.34,3.348,3.352,3.332,1602879,513500,11.812080536912738,True,True,False,False
2024-02-01,486,3.31,3.32,3.324,3.298,1660664,513500,10.301003344481607,True,True,False,False
2024-02-02,487,3.354,3.376,3.378,3.354,1270892,513500,12.024048096192374,True,True,False,False
2024-02-05,488,3.404,3.39,3.406,3.366,1756807,513500,12.953020134228188,True,True,False,False
2024-02-06,489,3.384,3.39,3.398,3.372,1301725,513500,11.655629139072854,True,True,False,False
2024-02-07,490,3.388,3.402,3.41,3.382,1249245,513500,11.912640635340853,True,True,False,False
2024-02-08,491,3.43,3.49,3.5,3.43,1725307,513500,11.581001951854276,True,True,False,False
2024-02-19,492,3.478,3.474,3.482,3.438,970140,513500,11.98697068403909,True,True,False,False
2024-02-20,493,3.476,3.462,3.478,3.454,733833,513500,12.288686605981791,True,True,False,False
2024-02-21,494,3.44,3.434,3.446,3.424,1890579,513500,12.409717662508202,True,True,False,False
2024-02-22,495,3.458,3.482,3.484,3.456,936389,513500,13.015042511445385,True,True,False,False
2024-02-23,496,3.524,3.532,3.55,3.524,1187910,513500,15.54098360655738,True,True,False,False
2024-02-26,497,3.528,3.51,3.528,3.504,1003777,513500,14.435009797517973,True,True,False,False
2024-02-27,498,3.502,3.522,3.528,3.494,1475569,513500,13.95955642530986,True,True,False,False
2024-02-28,499,3.524,3.566,3.572,3.518,1679058,513500,14.9673202614379,True,True,False,False
2024-02-29,500,3.554,3.544,3.556,3.53,2247553,513500,15.133724722765818,True,True,False,False
2024-03-01,501,3.564,3.562,3.578,3.56,1586048,513500,16.33986928104576,True,True,False,False
2024-03-04,502,3.578,3.588,3.592,3.578,1256753,513500,17.004578155657303,True,True,False,False
2024-03-05,503,3.568,3.578,3.584,3.562,1200737,513500,16.026058631921835,True,True,False,False
2024-03-06,504,3.552,3.562,3.568,3.544,1700494,513500,14.841218405703183,True,True,False,False
2024-03-07,505,3.568,3.552,3.576,3.544,1545118,513500,15.514993481095175,True,True,False,False
2024-03-08,506,3.582,3.6,3.602,3.582,1533657,513500,15.997409326424862,True,True,False,False
2024-03-11,507,3.58,3.588,3.588,3.56,1488654,513500,16.11219830397914,True,True,False,False
2024-03-12,508,3.588,3.576,3.598,3.57,1399737,513500,15.683732987686327,True,True,False,False
2024-03-13,509,3.6,3.566,3.6,3.56,1416734,513500,14.395886889460163,True,True,False,False
2024-03-14,510,3.568,3.568,3.568,3.556,751823,513500,13.610223642172524,True,True,False,False
2024-03-15,511,3.556,3.55,3.564,3.548,1072428,513500,12.706480304955514,True,True,False,False
2024-03-18,512,3.546,3.562,3.564,3.528,1535795,513500,10.87366436203645,True,True,False,False
2024-03-19,513,3.55,3.548,3.56,3.544,1177598,513500,11.868686868686872,True,True,False,False
2024-03-20,514,3.566,3.58,3.584,3.558,1261109,513500,11.957205789804902,True,True,False,False
2024-03-21,515,3.602,3.652,3.68,3.6,2423573,513500,12.711333750782728,True,True,False,False
2024-03-22,516,3.654,3.674,3.704,3.638,2359895,513500,13.33333333333333,True,True,False,False
2024-03-25,517,3.676,3.65,3.692,3.632,2226642,513500,14.718888186986746,True,True,False,False
2024-03-26,518,3.652,3.664,3.666,3.642,1045619,513500,14.240903387703874,True,True,False,False
2024-03-27,519,3.654,3.688,3.696,3.65,1283638,513500,14.205256570713388,True,True,False,False
2024-03-28,520,3.702,3.736,3.754,3.696,3028368,513500,15.500000000000004,True,True,False,False
2024-03-29,521,3.736,3.712,3.798,3.704,3633389,513500,15.389408099688474,True,True,False,False
2024-04-01,522,3.726,3.698,3.772,3.69,1996979,513500,15.09669369931379,True,True,False,False
2024-04-02,523,3.688,3.684,3.696,3.662,2725711,513500,14.580725907384217,True,True,False,False
2024-04-03,524,3.66,3.604,3.662,3.594,3380552,513500,12.312499999999993,True,True,False,False
2024-04-08,525,3.614,3.614,3.622,3.582,2210781,513500,12.2884012539185,True,True,False,False
2024-04-09,526,3.612,3.626,3.638,3.59,2603800,513500,13.177805800756603,True,True,False,False
2024-04-10,527,3.63,3.62,3.636,3.6,1042371,513500,13.780025284450058,True,True,False,False
2024-04-11,528,3.58,3.576,3.586,3.566,1672230,513500,12.634238787113073,True,True,False,False
2024-04-12,529,3.602,3.604,3.614,3.598,1279002,513500,12.087227414330215,True,True,False,False
2024-04-15,530,3.552,3.566,3.57,3.542,1198736,513500,10.068365444375393,True,True,False,False
2024-04-16,531,3.52,3.482,3.52,3.48,2160224,513500,7.473749227918458,True,True,False,False
2024-04-17,532,3.484,3.468,3.494,3.466,1254792,513500,7.506203473945416,True,True,False,False
2024-04-18,533,3.45,3.46,3.464,3.446,1443337,513500,6.4894932014833095,True,True,False,False
2024-04-19,534,3.42,3.418,3.42,3.386,2029285,513500,4.7648514851485135,True,True,False,False
2024-04-22,535,3.404,3.432,3.432,3.402,1694642,513500,5.7835820895522305,True,True,False,False
2024-04-23,536,3.444,3.456,3.462,3.438,1779765,513500,7.102803738317753,True,True,False,False
2024-04-24,537,3.5,3.532,3.536,3.5,1869810,513500,7.891491985203447,True,True,False,False
2024-04-25,538,3.498,3.478,3.506,3.474,1279030,513500,5.400485436893221,True,True,False,False
2024-04-26,539,3.508,3.492,3.516,3.49,1290618,513500,6.079027355623112,True,True,False,False
2024-04-29,540,3.516,3.508,3.52,3.5,1007109,513500,5.548854041013285,True,True,False,False
2024-04-30,541,3.51,3.516,3.52,3.506,823675,513500,5.921450151057384,True,True,False,False
2024-05-06,542,3.516,3.518,3.52,3.506,920988,513500,6.049606775559591,True,True,False,False
2024-05-07,543,3.544,3.554,3.562,3.542,1147035,513500,7.073760580411115,True,True,False,False
2024-05-08,544,3.558,3.568,3.57,3.55,1091684,513500,6.096832038254618,True,True,False,False
2024-05-09,545,3.572,3.558,3.578,3.558,1466310,513500,6.782713085234082,True,True,False,False
2024-05-10,546,3.578,3.598,3.6,3.576,878813,513500,8.429351121892047,True,True,False,False
2024-05-13,547,3.602,3.614,3.62,3.598,788139,513500,7.274895646988666,True,True,False,False
2024-05-14,548,3.602,3.614,3.618,3.594,991864,513500,6.773618538324411,True,True,False,False
2024-05-15,549,3.634,3.652,3.654,3.632,1092086,513500,7.710557532621598,True,True,False,False
2024-05-16,550,3.698,3.7,3.716,3.69,1233365,513500,9.107037256061501,True,True,False,False
2024-05-17,551,3.688,3.688,3.692,3.68,942090,513500,7.288629737609331,True,True,False,False
2024-05-20,552,3.688,3.668,3.7,3.658,1863960,513500,6.3990692262943405,True,True,False,False
2024-05-21,553,3.672,3.67,3.68,3.664,1113187,513500,6.079907353792713,True,True,False,False
2024-05-22,554,3.68,3.688,3.69,3.674,897985,513500,7.301401869158886,True,True,False,False
2024-05-23,555,3.686,3.698,3.706,3.682,1331571,513500,6.53935185185186,True,True,False,False
2024-05-24,556,3.658,3.636,3.658,3.636,1587953,513500,3.178206583427934,True,True,False,False
2024-05-27,557,3.658,3.668,3.672,3.656,654352,513500,4.337899543378998,True,True,False,False
2024-05-28,558,3.672,3.676,3.682,3.668,572041,513500,4.97996565540928,True,True,False,False
2024-05-29,559,3.67,3.658,3.67,3.654,509011,513500,3.86583285957931,True,True,False,False
2024-05-30,560,3.614,3.612,3.634,3.61,930375,513500,2.2662889518413554,True,True,False,False
2024-05-31,561,3.586,3.614,3.616,3.586,823001,513500,0.7303370786516883,True,True,False,False
2024-06-03,562,3.652,3.67,3.672,3.65,875753,513500,2.0122973728339932,True,True,False,False
2024-06-04,563,3.67,3.676,3.676,3.654,775006,513500,2.582818641212814,True,True,False,False
2024-06-05,564,3.682,3.694,3.696,3.68,590447,513500,3.8374717832957206,True,True,False,False
2024-06-06,565,3.748,3.746,3.76,3.742,984800,513500,5.586907449209932,True,True,False,False
2024-06-07,566,3.74,3.764,3.766,3.74,678200,513500,4.410943606923512,True,True,False,False
2024-06-11,567,3.768,3.778,3.794,3.768,989433,513500,5.842696629213484,True,True,False,False
2024-06-12,568,3.792,3.784,3.796,3.78,1141583,513500,5.882352941176472,True,True,False,False
2024-06-13,569,3.816,3.818,3.826,3.812,818673,513500,7.078651685393256,True,True,False,False
2024-06-14,570,3.814,3.806,3.818,3.8,1048154,513500,6.861642294713155,True,True,False,False
2024-06-17,571,3.806,3.786,3.814,3.766,1632288,513500,6.144306651634723,True,True,False,False
2024-06-18,572,3.812,3.804,3.818,3.798,1149279,513500,7.653061224489788,True,True,False,False
2024-06-19,573,3.808,3.808,3.814,3.804,634292,513500,7.336343115124144,True,True,False,False
2024-06-20,574,3.81,3.842,3.844,3.81,759909,513500,7.082630691399672,True,True,False,False
2024-06-21,575,3.814,3.828,3.832,3.8,1133320,513500,5.555555555555558,True,True,False,False
2024-06-24,576,3.824,3.82,3.826,3.808,621390,513500,4.672897196261672,True,True,False,False
2024-06-25,577,3.802,3.814,3.82,3.796,992034,513500,4.515418502202628,True,True,False,False
2024-06-26,578,3.84,3.866,3.87,3.828,941852,513500,5.107084019769359,True,True,False,False
2024-06-27,579,3.866,3.896,3.9,3.854,1468851,513500,5.5890410958904235,True,True,False,False
2024-06-28,580,3.91,3.942,3.97,3.91,2087549,513500,5.79004329004329,True,True,False,False
2024-07-01,581,3.93,3.934,3.956,3.916,1245455,513500,5.723542116630664,True,True,False,False
2024-07-02,582,3.95,3.942,3.974,3.938,1405085,513500,6.720867208672088,True,True,False,False
2024-07-03,583,3.98,3.998,4.0,3.978,1121194,513500,8.629164391043155,True,True,False,False
2024-07-04,584,4.036,3.954,4.07,3.936,2556542,513500,9.515859766277135,True,True,False,False
2024-07-05,585,3.948,3.986,3.992,3.946,1339065,513500,10.161920714684536,True,True,False,False
2024-07-08,586,4.008,3.998,4.016,3.978,1127275,513500,10.807799442896936,True,True,False,False
2024-07-09,587,4.002,3.992,4.004,3.986,1207070,513500,10.722222222222232,True,True,False,False
2024-07-10,588,3.99,3.97,3.992,3.94,1315036,513500,10.48794167134044,True,True,False,False
2024-07-11,589,3.998,4.008,4.008,3.992,988551,513500,10.950528071150645,True,True,False,False
2024-07-12,590,3.968,3.948,3.968,3.89,1707796,513500,9.824957651044608,True,True,False,False
2024-07-15,591,3.966,4.048,4.05,3.966,1978925,513500,13.96551724137931,True,True,False,False
2024-07-16,592,4.058,4.056,4.09,4.03,1253185,513500,16.272360069244087,True,True,False,False
2024-07-17,593,4.078,4.106,4.134,4.076,1799228,513500,18.28206616366801,True,True,False,False
2024-07-18,594,4.004,4.054,4.064,3.968,1748145,513500,17.188422917897217,True,True,False,False
2024-07-19,595,4.02,3.958,4.028,3.954,1583370,513500,16.225749559082892,True,True,False,False
2024-07-22,596,3.91,3.912,3.93,3.9,1377124,513500,13.438045375218133,True,True,False,False
2024-07-23,597,3.958,3.966,3.984,3.956,1081700,513500,13.028571428571434,True,True,False,False
2024-07-24,598,3.95,3.936,3.96,3.932,776452,513500,13.183649971214727,True,True,False,False
2024-07-25,599,3.824,3.822,3.836,3.8,1311021,513500,8.882521489971328,True,True,False,False
2024-07-26,600,3.802,3.854,3.858,3.802,929012,513500,8.62857142857143,True,True,False,False
2024-07-29,601,3.896,3.944,3.946,3.896,1068190,513500,11.123787792355966,True,True,False,False
2024-07-30,602,3.926,3.924,3.94,3.894,944175,513500,11.066742726754143,True,True,False,False
2024-07-31,603,3.918,3.896,3.924,3.88,2268018,513500,9.542631281761714,True,True,False,False
2024-08-01,604,3.958,3.944,3.96,3.934,1343518,513500,10.816901408450708,True,True,False,False
2024-08-02,605,3.856,3.824,3.886,3.816,1486308,513500,7.251264755480613,True,True,False,False
2024-08-05,606,3.68,3.57,3.68,3.546,3336797,513500,-0.8389261744966459,False,True,False,True
2024-08-06,607,3.626,3.608,3.652,3.598,2723550,513500,0.0,False,False,False,False
2024-08-07,608,3.614,3.622,3.652,3.606,1790875,513500,0.33388981636059967,True,False,True,False
2024-08-08,609,3.586,3.598,3.604,3.564,1068806,513500,-1.8722466960352402,False,True,False,True
2024-08-09,610,3.672,3.67,3.694,3.66,1285068,513500,-0.8130081300812941,False,False,False,False
2024-08-12,611,3.684,3.72,3.722,3.682,1351843,513500,0.05434782608695343,True,False,True,False
2024-08-13,612,3.724,3.774,3.782,3.722,1171965,513500,1.749589939857854,True,True,False,False
2024-08-14,613,3.828,3.844,3.85,3.82,1271305,513500,4.25764192139737,True,True,False,False
2024-08-15,614,3.872,3.896,3.914,3.86,1198460,513500,5.062602068590083,True,True,False,False
2024-08-16,615,3.988,3.95,3.992,3.924,1957543,513500,6.5725149375339464,True,True,False,False
2024-08-19,616,3.956,3.884,3.956,3.882,1397669,513500,6.765676567656764,True,True,False,False
2024-08-20,617,3.936,3.932,3.948,3.924,842582,513500,7.330415754923414,True,True,False,False
2024-08-21,618,3.914,3.934,3.938,3.896,689837,513500,6.215921483097042,True,True,False,False
2024-08-22,619,3.956,3.942,3.986,3.926,1484566,513500,7.443897099069519,True,True,False,False
2024-08-23,620,3.9,3.928,3.93,3.896,894428,513500,7.922437673130189,True,True,False,False
2024-08-26,621,3.976,3.956,3.986,3.94,851835,513500,9.871723368655893,True,True,False,False
2024-08-27,622,3.942,3.956,3.96,3.924,661214,513500,7.506849315068487,True,True,False,False
2024-08-28,623,3.964,3.994,4.016,3.95,2227796,513500,8.100711548987416,True,True,False,False
2024-08-29,624,3.942,3.948,3.962,3.922,1381173,513500,6.576086956521743,True,True,False,False
2024-08-30,625,3.954,3.956,3.966,3.944,765073,513500,5.3981827899519,True,True,False,False
2024-09-02,626,3.98,3.998,4.008,3.98,1087549,513500,6.417112299465244,True,True,False,False
2024-09-03,627,4.002,3.996,4.022,3.984,1059450,513500,5.73248407643312,True,True,False,False
2024-09-04,628,3.85,3.838,3.886,3.834,1798985,513500,1.4285714285714457,True,True,False,False
2024-09-05,629,3.866,3.858,3.88,3.846,825363,513500,0.891920251836309,True,True,False,False
2024-09-06,630,3.84,3.838,3.85,3.824,885553,513500,0.6315789473684275,True,True,False,False
2024-09-09,631,3.788,3.81,3.812,3.768,1459737,513500,0.05310674455656361,True,True,False,False
2024-09-10,632,3.84,3.79,3.854,3.788,1678850,513500,-0.263296471827279,False,True,False,True
2024-09-11,633,3.816,3.798,3.82,3.786,790319,513500,-0.4731861198738141,False,False,False,False
2024-09-12,634,3.854,3.862,3.874,3.846,1318809,513500,0.9448818897637823,True,False,True,False
2024-09-13,635,3.888,3.882,3.9,3.878,1310968,513500,2.0526315789473726,True,True,False,False
2024-09-18,636,3.9,3.878,3.908,3.87,918491,513500,1.628151260504218,True,True,False,False
2024-09-19,637,3.888,3.93,3.934,3.884,1012686,513500,2.3182297154899834,True,True,False,False
2024-09-20,638,3.972,3.94,3.978,3.934,1256530,513500,2.769070010449326,True,True,False,False
2024-09-23,639,3.948,3.948,3.958,3.938,671941,513500,2.179553710430726,True,True,False,False
2024-09-24,640,3.954,3.92,3.956,3.9,1208342,513500,-0.2557544757033292,False,True,False,True
2024-09-25,641,3.902,3.89,3.908,3.876,1239282,513500,-1.0214504596527063,False,False,False,False
2024-09-26,642,3.898,3.896,3.91,3.876,1650332,513500,-1.574403250380907,False,False,False,False
2024-09-27,643,3.84,3.838,3.868,3.832,985058,513500,-3.6701860231272088,False,False,False,False
2024-09-30,644,3.786,3.816,3.834,3.762,4295250,513500,-4.4207317073170715,False,False,False,False
2024-10-08,645,3.772,3.786,3.828,3.758,3528083,513500,-4.764318297009629,False,False,False,False
2024-10-09,646,3.828,3.85,3.858,3.82,2960690,513500,-3.9718451483157446,False,False,False,False
2024-10-10,647,3.886,3.912,3.922,3.886,2530206,513500,-2.5087807325639755,False,False,False,False
2024-10-11,648,3.91,3.934,3.94,3.902,1730693,513500,-0.9644670050761417,False,False,False,False
2024-10-14,649,3.968,3.976,3.984,3.942,2086676,513500,-1.252505010020033,False,False,False,False
2024-10-15,650,4.01,4.094,4.096,4.01,3144859,513500,3.084832904884305,True,False,True,False
2024-10-16,651,4.05,4.048,4.068,4.01,2328863,513500,1.1094301563287834,True,True,False,False
2024-10-17,652,4.06,4.09,4.096,4.06,2033645,513500,0.7444168734491052,True,True,False,False
2024-10-18,653,4.072,4.054,4.082,4.03,3077818,513500,-1.1285574092247175,False,True,False,True
2024-10-21,654,4.054,4.036,4.072,4.03,2048371,513500,1.5625,True,False,True,False
2024-10-22,655,4.03,4.012,4.03,4.01,1531023,513500,1.4162873039959445,True,True,False,False
2024-10-23,656,4.012,3.998,4.022,3.996,1162317,513500,2.4615384615384706,True,True,False,False
2024-10-24,657,3.972,3.982,3.984,3.964,1646827,513500,0.2022244691607611,True,True,False,False
2024-10-25,658,3.984,3.982,3.996,3.98,1019866,513500,1.2207527975584886,True,True,False,False
2024-10-28,659,4.0,4.024,4.032,3.996,2281468,513500,5.157894736842117,True,True,False,False
2024-10-29,660,4.01,4.01,4.018,4.0,1346076,513500,5.207785376117835,True,True,False,False
2024-10-30,661,4.032,4.04,4.046,4.024,1395275,513500,3.285420944558526,True,True,False,False
2024-10-31,662,4.016,3.992,4.016,3.99,1048136,513500,2.4653312788905923,True,True,False,False
2024-11-01,663,3.93,3.942,3.954,3.914,1676201,513500,0.8762886597938113,True,True,False,False
2024-11-04,664,3.932,3.926,3.944,3.922,1533905,513500,-0.30503304524657215,False,True,False,True
2024-11-05,665,3.92,3.922,3.924,3.906,1124936,513500,2.358490566037741,True,False,True,False
2024-11-06,666,3.992,4.058,4.06,3.976,3330988,513500,12.126339537507057,True,True,False,False
2024-11-07,667,4.13,4.09,4.158,4.076,3815080,513500,13.285158421345189,True,True,False,False
2024-11-08,668,4.094,4.126,4.126,4.094,2309079,513500,13.53300055463118,True,True,False,False
2024-11-11,669,4.13,4.178,4.182,4.13,1935112,513500,15.881032547699213,True,True,False,False
2024-11-12,670,4.184,4.226,4.252,4.184,2807170,513500,14.31693989071039,True,True,False,False
2024-11-13,671,4.218,4.19,4.218,4.18,1987802,513500,13.525258011950015,True,True,False,False
2024-11-14,672,4.194,4.244,4.262,4.194,3260906,513500,12.681354110693178,True,True,False,False
2024-11-15,673,4.208,4.176,4.21,4.166,2328753,513500,9.057591623036654,True,True,False,False
2024-11-18,674,4.134,4.204,4.214,4.134,2789812,513500,7.09844559585493,True,True,False,False
2024-11-19,675,4.204,4.212,4.242,4.196,2558811,513500,6.931702344546387,True,True,False,False
2024-11-20,676,4.244,4.224,4.246,4.216,1737842,513500,8.60381246780011,True,True,False,False
2024-11-21,677,4.21,4.214,4.218,4.192,1156296,513500,6.829765545361877,True,True,False,False
2024-11-22,678,4.242,4.256,4.268,4.23,2244054,513500,8.572895277207415,True,True,False,False
2024-11-25,679,4.282,4.354,4.356,4.282,3434824,513500,9.067753438614368,True,True,False,False
2024-11-26,680,4.362,4.362,4.374,4.286,3995963,513500,10.010266940451729,True,True,False,False
2024-11-27,681,4.394,4.36,4.472,4.348,5099924,513500,10.355329949238579,True,True,False,False
2024-11-28,682,4.346,4.356,4.38,4.32,2601024,513500,10.091743119266061,True,True,False,False
2024-11-29,683,4.364,4.364,4.376,4.34,2147402,513500,9.873417721518972,True,True,False,False
2024-12-02,684,4.398,4.398,4.404,4.368,2388134,513500,11.371749107598173,True,True,False,False
2024-12-03,685,4.42,4.434,4.444,4.414,1921348,513500,11.916835699797158,True,True,False,False
2024-12-04,686,4.44,4.434,4.442,4.416,1570989,513500,10.954773869346734,True,True,False,False
2024-12-05,687,4.46,4.466,4.47,4.45,1565477,513500,11.696787148594389,True,True,False,False
2024-12-06,688,4.456,4.456,4.462,4.42,1458954,513500,15.284298382889938,True,True,False,False
2024-12-09,689,4.466,4.454,4.466,4.45,1365980,513500,15.704628185127412,True,True,False,False
2024-12-10,690,4.364,4.414,4.42,4.364,2246211,513500,14.121338912133897,True,True,False,False
2024-12-11,691,4.4,4.454,4.458,4.398,2116906,513500,16.719745222929937,True,True,False,False
2024-12-12,692,4.496,4.464,4.5,4.452,2115516,513500,17.52903907074974,True,True,False,False
2024-12-13,693,4.452,4.488,4.492,4.446,1507003,513500,17.43264659270998,True,True,False,False
2024-12-16,694,4.488,4.548,4.57,4.482,3267669,513500,16.536661466458668,True,True,False,False
2024-12-17,695,5.002,4.508,5.002,4.094,4655671,513500,5.56988138215575,True,True,False,False
2024-12-18,696,4.496,4.458,4.496,4.44,2469285,513500,14.72868217054264,True,True,False,False
2024-12-19,697,4.298,4.314,4.39,4.298,3024560,513500,10.659114315139039,True,True,False,False
2024-12-20,698,4.31,4.288,4.348,4.24,2840519,513500,7.778342653787496,True,True,False,False
2024-12-23,699,4.352,4.388,4.4,4.352,2725916,513500,10.512950736414428,True,True,False,False
2024-12-24,700,4.426,4.372,4.434,4.362,1996193,513500,11.846153846153861,True,True,False,False
2024-12-25,701,4.396,4.394,4.41,4.382,1035301,513500,13.054695562435503,True,True,False,False
2024-12-26,702,4.398,4.4,4.4,4.37,930463,513500,12.745098039215685,True,True,False,False
2024-12-27,703,4.394,4.382,4.398,4.38,824590,513500,14.300626304801668,True,True,False,False
2024-12-30,704,4.34,4.33,4.344,4.322,1165096,513500,14.885699096225412,True,True,False,False
2024-12-31,705,4.302,4.324,4.356,4.286,1603420,513500,14.050026609898868,True,True,False,False
2025-01-02,706,4.326,4.366,4.37,4.32,1579559,513500,13.089005235602102,True,True,False,False
2025-01-03,707,4.362,4.34,4.372,4.334,1141237,513500,11.528564076170866,True,True,False,False
2025-01-06,708,4.376,4.422,4.426,4.376,1848995,513500,12.147616606868272,True,True,False,False
2025-01-07,709,4.44,4.386,4.476,4.36,3000409,513500,10.60375443937087,True,True,False,False
2025-01-08,710,4.344,4.38,4.394,4.34,1411851,513500,8.229426433915222,True,True,False,False
2025-01-09,711,4.386,4.372,4.4,4.368,955483,513500,8.92768079800501,True,True,False,False
2025-01-10,712,4.362,4.346,4.396,4.344,1352753,513500,6.995073891625636,True,True,False,False
2025-01-13,713,4.304,4.278,4.32,4.27,1128826,513500,5.955334987593042,True,True,False,False
2025-01-14,714,4.304,4.324,4.328,4.292,1149908,513500,6.501240694789079,True,True,False,False
2025-01-15,715,4.322,4.316,4.334,4.304,749169,513500,7.33167082294266,True,True,False,False
2025-01-16,716,4.396,4.386,4.4,4.374,1182130,513500,9.459459459459453,True,True,False,False
2025-01-17,717,4.378,4.382,4.384,4.354,656203,513500,9.838546922300706,True,True,False,False
2025-01-20,718,4.404,4.402,4.414,4.394,960154,513500,10.402010050251253,True,True,False,False
2025-01-21,719,4.404,4.4,4.406,4.386,662009,513500,9.759759759759756,True,True,False,False
2025-01-22,720,4.424,4.436,4.44,4.418,927383,513500,10.450000000000003,True,True,False,False
2025-01-23,721,4.45,4.41,4.456,4.408,1259120,513500,9.542743538767407,True,True,False,False
2025-01-24,722,4.428,4.428,4.44,4.424,995621,513500,10.877192982456151,True,True,False,False
2025-01-27,723,4.4,4.392,4.4,4.33,2484108,513500,10.628513030148179,True,True,False,False
